"created_at","id","text"
"2022-04-11T20:26:59.000Z","1513614609097408512","@dhahran_mun شوارع حي الدوحه الجنوبيه بعض منها يحتاج إلى اعاده تأهيل نتمنى نراها مستقبلا"
"2022-04-11T20:26:10.000Z","1513614405774282757","@mall_of_dhahran ماهي مواصفات الشورت الموافق للذوق العام  هذي معايير غير واضحة"
"2022-04-11T20:22:49.000Z","1513613562333343748","@mall_of_dhahran هل ما زال العمل بنظام منه الدخول بلبس الشورت"
"2022-04-11T20:10:59.000Z","1513610583052009473","@mall_of_dhahran هل يعقل انه مازال ممنوع الدخول بالشورت حتى الان مع انه لم يعد مخالفة ذوق عام ؟"
"2022-04-11T19:13:10.000Z","1513596036253732872","I'm at Buzz in Dhahran, Ash Sharqiyah https://t.co/ZwYDXKmELd"
"2022-04-11T18:57:55.000Z","1513592195768594432","I'm at @Mall_of_Dhahran in Dhahran, Eastern Province https://t.co/bMX5fBnzfD"
"2022-04-11T17:48:26.000Z","1513574712072302602","For all you asking we have branches in Riyadh, Dhahran,al khobar,Dammam."
"2022-04-11T16:16:40.000Z","1513551616762429445","@5300_alqahtani @dha822 @f1_fhd @dhahran_mun والله ننفخ في قربه مفقوعة 😂"
"2022-04-11T16:07:09.000Z","1513549223433838600","@mall_of_dhahran العربيه للعود عند اي بوابه ؟"
"2022-04-11T15:33:16.000Z","1513540692701814786","@ClassicsPlanes Remember it well. Flew on it from Dhahran to NY back in 1983"
"2022-04-11T14:13:40.000Z","1513520664543907851","RT @ACWAPower: Join Dr. Bart Boesmans, ACWA Power’s Chief Technology Officer, at the 15th webinar of the DTV Technology Series, organized b…"
"2022-04-11T14:12:56.000Z","1513520477238607878","@dha822 @dhahran_mun وش معنى بلدية شرق الدمام نايمة ؟\n\nhttps://t.co/ku3x6C7yfQ\n\n@EastDammam_mun"
"2022-04-11T14:12:15.000Z","1513520307298045953","Join Dr. Bart Boesmans, ACWA Power’s Chief Technology Officer, at the 15th webinar of the DTV Technology Series, organized by Dhahran Techno Valley Company (DTVC), on April 13, 2022. https://t.co/CkHfBXQIPz"
"2022-04-11T14:10:07.000Z","1513519768363573248","@LmFeg @dha822 @f1_fhd @dhahran_mun تعال شف الفضايح عندنا .. حي هجر و حي الفردوس ( بينهم فقط طريق الأمير متعب ) .. هجر مضبّط و مزبّط و ملقلق و منظّف و مرصّف بس عشان ساكنين فيه كباريّة و واصلين .. حتى عيون القطط موجودة .. و الفردوس اللي جنبه مباشرة لي أكثر من خمس سنوات ونا أطالب بكشط و إعادة سفلتة .. 😂😂"
"2022-04-11T13:55:23.000Z","1513516061806800904","@Dhowayan @LmFeg @dha822 @f1_fhd @dhahran_mun و هذا اللي صاير و بيصير مع وسط المنطقة مستقبلا  ( العدامة و القزاز و بن خلدون و الاتصالات و مدينة العمال و ٧٥ و ٣٧ و ٨ و كل الأحياء اللي بالوسط ) .."
"2022-04-11T12:15:13.000Z","1513490853716799489","@mall_of_dhahran متى اوقات دوامكم في رمضان"
"2022-04-11T11:54:57.000Z","1513485752839335945","@jes_MAYC Now I have this WL!!! @007Fonz @ChuangDavid3 @MIkrancuk @GodOfPP_XO @wangjincisheng1 @Arrowfall1 @weishenmewoain1 @mr_orange_nft @daiwozh31571301 @digitalart37 @buniancengjing1 @AhmedCzarski @MatthewQuintina @AlCaptino @fengyinxuenuoy1 @dazhamei1 @Dhahran_966"
"2022-04-11T11:49:40.000Z","1513484425782255616","@dha822 @dhahran_mun ماشاءالله الله تبارك الرحمن \n\nجهود مشكوره صراحه وهذي يمكن المره الثالثه او الخامسه خلال السنين القريبه الماضيه"
"2022-04-11T09:59:15.000Z","1513456638199574529","@mall_of_dhahran اقرب برابه الى زارا الملابس الاطفال ؟"
"2022-04-11T09:56:56.000Z","1513456052435574789","@QamarAb16380359 @SaniaaAshiq Tujey Jo bund taar ai hai dhahran rakhna kahin bund main guy hi na jaey"
"2022-04-11T09:38:20.000Z","1513451373806956552","@mishalsaad78 @Dolby_MENA Indeed \nDolby Cinema in Mall of Dhahran here I come ❤️"
"2022-04-11T09:32:41.000Z","1513449951841472518","Massage and happy ending in Dhahran\n+19093531101 \n#Jeddah_Softhardmassage \n#Jeddahmassageservices \n#jeddah_bodymassage \n#jeddah_fullmassage \n#Jeddah_massageTherapist \n https://t.co/5Z2LvBQEQ6 https://t.co/hhvQmVbAJv"
"2022-04-11T09:30:53.000Z","1513449497011146758","@sasasasaoo @dhahran_mun @emara_sharqia @Khobar_mun @EasternEamana انششششهد 😬"
"2022-04-11T08:35:36.000Z","1513435584815058947","RT @jabaldhahran: مقتطفات من اليوم الدراسي في \n#مدارس_جبل_الظهران\nصف ثاني ابتدائي _بنين 🏆\n📚قراءة الأعداد وكتابتها حتى الألف\n🌟المعلمة مروى ا…"
"2022-04-11T08:26:58.000Z","1513433413134475264","RT @jabaldhahran: تعلن #مدارس_جبل_الظهران_الأهلية\nعن بدء التسجيل للعام الدراسي 1444هـ🎉\nخصومات وعروض لأول 50 مقعد🌟\nتواصل معنا  واسأل عن خصمك…"
"2022-04-11T08:22:16.000Z","1513432230193942533","@LmFeg @dha822 @f1_fhd @dhahran_mun البلدية لم تكن تقوم بدورها في منع المخالفات العمرانية فهناك من انشأ عماير بدون مواقف ليستغل ارتداد الدور الارضي كحوش كما انها لم تحدد خطة توزيع للسكان بالشكل المطلوب فالمنطقة يجب ان يكون لها طاقة استيعابية تكافئ قدرتها في توفير المياه و الكهرباء لضمان استمرار هالموارد حين الذروة"
"2022-04-11T08:21:07.000Z","1513431940086566915","@LmFeg @dha822 @f1_fhd @dhahran_mun كلامك في متمه.\n ليست الطرق فقط في الدمام... انا من سكان حي الجلويه سابقا  (من عام ١٤٠٠هـ) و اعترف انه كان راقي و راهي... الى ان بدأت عاصفة العماير و التكدس البشري الرهيب الذي حول المنطقة الى شي لا يطاق حتى ان التركيبة السكانية تغيرت و نزح الكثير من اوائل سكانها لخارجها.\nيتبع"
"2022-04-11T08:20:53.000Z","1513431880942641152","@Nespresso I haven't received my order yet from Nespresso SA. I ordered a machine one day with the order number #3000300146 04/04 and after 5 shipments had passed, I contacted them and they told me that the shipment was destined for Dhahran and not Mecca as it is written in my shipping data"
"2022-04-11T07:45:47.000Z","1513423050578006017","@0_cqb @dhahran_mun @emara_sharqia @Khobar_mun @EasternEamana يالله انك تعطيهم العافيه يالله 😂"
"2022-04-11T07:45:03.000Z","1513422864221106177","@jes_MAYC Now I have this WL!!! @007Fonz @ChuangDavid3 @MIkrancuk @GodOfPP_XO @wangjincisheng1 @Arrowfall1 @weishenmewoain1 @mr_orange_nft @daiwozh31571301 @digitalart37 @buniancengjing1 @AhmedCzarski @MatthewQuintina @AlCaptino @fengyinxuenuoy1 @dazhamei1 @Dhahran_966"
"2022-04-11T07:25:02.000Z","1513417827750928385","RT @MAssagedammam05: I’m chilli ladyboy massage in khobar but from eastern such as; alhassa hafuf dammam jubail rakah dhahran Doha rastanur…"
"2022-04-11T05:55:54.000Z","1513395394335625218","@sasasasaoo @dhahran_mun @emara_sharqia @Khobar_mun @EasternEamana ابشرك فتحوه احس لي سنه عنه"
"2022-04-11T05:09:55.000Z","1513383822653595651","@0_cqb @dhahran_mun @emara_sharqia @Khobar_mun @EasternEamana ياكم تكلمنا وصحنا والمصيبه يتركون الشوارع اللي فعلاً تحتاج صيانة باسرع وقت ويتجهون لشوارع عادي لو يأجلها لوقت ثاني \n\nشارع ابو حدرية رايح جاي دمار مع الطرق الفرعية حقته \nلك ان تتخيل شوارع حي الفيصلية بالتحديد حي المنار دماااااار للاخر اتمنى من الاخ معالي الامين يتجول ويقرر فيها"
"2022-04-11T05:08:41.000Z","1513383511176187904","صباح الخير 🌹 (@ أرامكو السعودية - @saudi_aramco in Dhahran, Eastern Province) https://t.co/2SSD4dTn5A"
"2022-04-11T03:28:58.000Z","1513358419989827589","RT @jabaldhahran: 🖼مقتطفات من اليوم الدراسي في \n#مدارس_جبل_الظهران\nمرحلة رياض الأطفال 🏆\n📚النمو اللغوي واستخراج الحرف الجر واسم المجرور\n🌟الم…"
"2022-04-11T03:26:44.000Z","1513357856363401222","RT @jabaldhahran: 🖼مقتطفات من اليوم الدراسي في \n#مدارس_جبل_الظهران\nمرحلة رياض الأطفال 🏆\n📚النمو اللغوي واستخراج الحرف الجر واسم المجرور\n🌟الم…"
"2022-04-11T03:20:08.000Z","1513356193716224003","@dhahran_mun ارجوكم كذا كثير و في اول ساعات الصباح و في رمضان و ازعاج غير طبيعي تكسير و حفر !!!! كذا كثير يا بلديه الظهران !!!!! منزلي في الدوحه الجنوبيه و التكسير و الازعاج من الساعه ٦ صباحا كثييييييير كذا اكلم الشرطه او اكلم مين!!؟؟"
"2022-04-11T03:00:45.000Z","1513351319205068800","@dha822 @dhahran_mun اكيد في موظف في البلديه ساكن على هذا الشارع"
"2022-04-11T02:24:37.000Z","1513342224808951808","تم نشر صورة @ Dhahran, Ash Sharqiyah https://t.co/YHDACL7fDy"
"2022-04-11T02:12:53.000Z","1513339271272448006","@dha822 @dhahran_mun عدلو شارعنا، خربان!!"
"2022-04-11T02:09:12.000Z","1513338346747187200","متى قلتو ليي العيد يصير 🙂 (@ Saudi Aramco in Dhahran, Eastern Province) https://t.co/6JMJ4r7PZr"
"2022-04-11T01:01:02.000Z","1513321190131175429","Director of Nursing - Saudi Arabia, Dhahran Our client based in Dhahran, in the Kingdom of Saudi Arabia are seeking to appoint an outstanding Director of Nursing.The hospital and the housing compound ... Apply Now at https://t.co/33r3VcP7pm #job"
"2022-04-11T00:26:29.000Z","1513312496282705923","@dhahran_mun تكرموا واعيدوا تأهيل الشارع المتفرع من طريق الدمام ابقيق والمتجه لسوق المواشي وللتشاليح وكذلك الشارع المتفرع من كبري التشاليح حتى التقائه بطريق ابقيق الدمام قبل كوبري الصناعيه الثانيه حيث ان تلك الشوارع بحالة سيئة جداً وبها حفر كثيرة واعدمت السيارات."
"2022-04-10T22:56:37.000Z","1513289881312808967","@dha822 @dhahran_mun #اطلب ونفذ تمويلك خلال نصف ساعه من امكان الراجحي🇸🇦 #تمويل لجميع عملاء بنوك المملكة العربية السعودية🇸🇦🇸🇦 #من دون كفيل أو تحويل راتب 🌹"
"2022-04-10T22:39:33.000Z","1513285583908458496","We are affianced in manufacturing, exporting and supplying Carbon Graphite Bearing to our valued clients. The offered Carbon Graphite Bearing is manufactured by utilizing high-quality components and a ...more… https://t.co/sou66C2vn8 #CarbonGraphiteBearing #SaudiArabia"
"2022-04-10T22:36:10.000Z","1513284732917886982","@dhahran_mun شكراً لبلدية الظهران على تحسين وزفلتت الشوارع في جميع منطقة الظهران 🌹"
"2022-04-10T21:58:48.000Z","1513275328134844417","@dha822 @dhahran_mun لذلك انصح اي شخص يحب يسكن، يسكن في حي معظمه قصور.\nترتاح، واسطتهم تصلح لك الطرق و الخدمات يكون هادي و لا تحصل جار يزعجك .\nصح ان سعر المتر ثلاث اضعاف لكن والله يستاهل ."
"2022-04-10T21:01:50.000Z","1513260995225038857","@dha822 @dhahran_mun ماشاءالله تبارك الله"
"2022-04-10T20:46:05.000Z","1513257029648986123","@dhahran_mun \n@emara_sharqia \n@Khobar_mun \n@EasternEamana \n\nسعيد ما قصّر لكن عندي تعليق بسيط \nانتم تروحون وتجون مع طريق الدمام الخبر شايفين زحمة الطلاب والموظفين !؟\n\nقرار انك تسوي صيانة لطريق يعتبر رئيسي للشرقية كافة في هالوقت قرار ' غلط ' \n\nيعني ضاقت الإجازات والأوقات الا الحين https://t.co/83swjpZIJ5"
"2022-04-10T20:42:07.000Z","1513256031912181772","RT @Wajid_Sindhi1: The Ghawar oilfield, located about 100km southwest of Dhahran in the Al Hasa Province of Saudi Arabia, is the world's bi…"
"2022-04-10T20:40:10.000Z","1513255540385849349","RT @BrianaGrande29: Available now!\nFor Massage Appointment, Chat me on Whatsapp 📱 +63 926 653 8382\n#khobar_massage #dammam_massage #massage…"
"2022-04-10T20:27:43.000Z","1513252406431297537","@dha822 @dhahran_mun اقسم بالله فرق ياليت كل شوارعنا كذا"
"2022-04-10T19:48:06.000Z","1513242436180533262","@dhahran_mun شكرًا بلدية الظهران على الجهود المتواصلة ، لكن يعيبكم جودة الطرق الاخيره ما تكمل سنه الا تخرب وتصير فيها حفر. شارع الأمير سلطان بالدوحة بالقرب من برجر كينج مثال. اتمنى مراجعة المقاول الي نفذ الطريق وترميمه من ميزانيته الخاصة. شكرا لكم."
"2022-04-10T19:23:19.000Z","1513236202320801795","RT @jabaldhahran: 🖼مقتطفات من اليوم الدراسي في \n#مدارس_جبل_الظهران\nمرحلة رياض الأطفال 🏆\n📚النمو اللغوي واستخراج الحرف الجر واسم المجرور\n🌟الم…"
"2022-04-10T19:16:05.000Z","1513234381749604357","RT @Abood_thumairi: @dhahran_mun @BaderJF نأمل منكم إصلاح شارع حمزة بن عبدالمطلب ( شارع ممشى القصور ) هناك هبوط في أجزاء كثيره من الطريق"
"2022-04-10T19:13:28.000Z","1513233721377402883","RT @saeed_3009: @dha822 @dhahran_mun شوارع مدينة الظهران يبيلها اعادة تهئية كل ماسوو شارع تطلع المشاريع تحته ويحفرون ويجيبون العيد فالشارع…"
"2022-04-10T18:35:46.000Z","1513224234231005184","@dha822 @dhahran_mun شوارع مدينة الظهران يبيلها اعادة تهئية كل ماسوو شارع تطلع المشاريع تحته ويحفرون ويجيبون العيد فالشارع ويمشون"
"2022-04-10T18:35:30.000Z","1513224168267030532","@mall_of_dhahran يستاهلون"
"2022-04-10T18:30:54.000Z","1513223010198728710","@mall_of_dhahran يــــــــااااارب \nيارب اجعل من نصيبي  ان شاء الله ﾟ  \nاللهم ارزقني وانت خير الرازقين\nاللهمَّﷺصَلِّﷺوَسَـــلِّمْﷺوَبَارِك على سيدنا محمد وعلى اله وصحبه""كل عام وانتم بخير وفي خير\nورمضان مبارك علينا وعليكم🤍🤍"
"2022-04-10T18:27:07.000Z","1513222057978380292","@al_ahssa2016 شعار الوفاء\n013 585 6111\nhttps://t.co/0RrHItpnSm"
"2022-04-10T18:25:12.000Z","1513221575436341251","RT @LmFeg: @dha822 @f1_fhd @dhahran_mun الاحياء الراهيه فقط … اما الدمام وربي شوارعها مدموره وخاصة وسط وشرق الدمام … لنا الله يا امانة المن…"
"2022-04-10T18:19:02.000Z","1513220021320826896","@dha822 @f1_fhd @dhahran_mun الاحياء الراهيه فقط … اما الدمام وربي شوارعها مدموره وخاصة وسط وشرق الدمام … لنا الله يا امانة المنطقة الشرقية… صورة من غير تحيه لوزارة الطرق والمواصلات …. تعالوا شوفوا احياء الجلوية والقزاز والعدامة والنخيل والقادسية 😡😡هل هي تواكب الرؤية المستقبلية 😔 😔"
"2022-04-10T17:55:31.000Z","1513214105494114317","@dha822 @dhahran_mun 💳🇸🇦⁩استخراج رخص قيادة للمقيمين و السعودين🇸🇦⁩"
"2022-04-10T17:53:46.000Z","1513213664228171780","@dhahran_mun @BaderJF نأمل منكم إصلاح شارع حمزة بن عبدالمطلب ( شارع ممشى القصور ) هناك هبوط في أجزاء كثيره من الطريق"
"2022-04-10T17:48:39.000Z","1513212378175119362","RT @JackyMassage13: DAMMAM MASSAGE KHOBAR MASSAGE JUBAIL MASSAGE RASTANURA QATIF DHAHRAN ABQAIQ KUWAIT \n#DAMMAM\n#MASSAGE\n#DAMMAMMASSAGE \n#M…"
"2022-04-10T17:04:32.000Z","1513201275537702924","RT @iFHQ_: @dhahran_mun ليتكم تشوفون المطبات في حي الدانة شارع عمر بن عبدالعزيز قياساتها مختلفة بعضها جيد وبعضها مرتفع جداً وسببت مشاكل للس…"
"2022-04-10T17:04:29.000Z","1513201261843255300","RT @700_aba: @dhahran_mun ياليت تنتبهون اشاره شارع الامير سلطان بتجاه الشرق المسار الايسر الاسفلت غير صالح للاستعمال من الحفر"
"2022-04-10T17:04:13.000Z","1513201196118466565","RT @woqbv: @dhahran_mun https://t.co/XqxL7NRN62"
"2022-04-10T17:04:08.000Z","1513201176111689738","RT @woqbv: @dhahran_mun أين أنسنه المكان ،،، هل من الضروري ان نعمل مشروع ثاني ،، كان بالإمكان عمل أرصفه وأحواض تشجير وزراعه وتنسيق لكامل ال…"
"2022-04-10T16:29:58.000Z","1513192577020928002","@dhahran_mun https://t.co/XqxL7NRN62"
"2022-04-10T16:28:54.000Z","1513192306190565376","@dhahran_mun هنا تعريف انسنه المكان مع هذا الرابط ونسخه لبلديه الظهران https://t.co/xrCLYJ2C7z"
"2022-04-10T16:17:32.000Z","1513189447575248905","@dhahran_mun أين أنسنه المكان ،،، هل من الضروري ان نعمل مشروع ثاني ،، كان بالإمكان عمل أرصفه وأحواض تشجير وزراعه وتنسيق لكامل الشارع !!!!@arac433"
"2022-04-10T16:16:15.000Z","1513189124055871488","RT @FarmanMohammad: @ThompsonMarkC My dear Dr. It is my pleasure to contact with you to talk about Quran and, since I was Imam of Dhahran m…"
"2022-04-10T15:55:11.000Z","1513183823336513542","@dhahran_mun يعطيكم العافيه اتمنى من بلدية الخبر ان يكون عندها اهتمام مثل الي عند بلدية الظهران بسرعه التجاوب مع ملاحظات الناس"
"2022-04-10T15:41:37.000Z","1513180407038103555","@dhahran_mun ليتكم تشوفون المطبات في حي الدانة شارع عمر بن عبدالعزيز قياساتها مختلفة بعضها جيد وبعضها مرتفع جداً وسببت مشاكل للسيارات .."
"2022-04-10T15:40:06.000Z","1513180027822739463","@jes_MAYC Now I have this WL!!! @007Fonz @ChuangDavid3 @MIkrancuk @GodOfPP_XO @wangjincisheng1 @Arrowfall1 @weishenmewoain1 @mr_orange_nft @daiwozh31571301 @digitalart37 @buniancengjing1 @AhmedCzarski @MatthewQuintina @AlCaptino @fengyinxuenuoy1 @dazhamei1 @Dhahran_966"
"2022-04-10T15:37:12.000Z","1513179295253991425","@dhahran_mun ياليت تنتبهون اشاره شارع الامير سلطان بتجاه الشرق المسار الايسر الاسفلت غير صالح للاستعمال من الحفر"
"2022-04-10T14:24:54.000Z","1513161100489015301","@jwalh @dhahran_mun @EasternEamana @eMoroor السلام عليكم\nابشر حنا نحلها لك \n  تواصل معي 966573199025+"
"2022-04-10T13:45:13.000Z","1513151115235373066","Just posted a photo @ Al - Doha - Al Dhahran - KSA https://t.co/7BkSEwPt7a"
"2022-04-10T13:32:03.000Z","1513147800367816712","@jabaldhahran @moe_gov_sa @MOE_EPR @MOE_EPR_04 @Dhahran_Coop بارك الله جهودكم"
"2022-04-10T13:31:45.000Z","1513147725025628163","RT @jabaldhahran: مقتطفات من اليوم الدراسي في \n#مدارس_جبل_الظهران\nصف ثاني ابتدائي _بنين 🏆\n📚قراءة الأعداد وكتابتها حتى الألف\n🌟المعلمة مروى ا…"
"2022-04-10T13:28:41.000Z","1513146955802845190","@jabaldhahran @moe_gov_sa @MOE_EPR @MOE_EPR_04 @Dhahran_Coop جهود مباركة و متميزة من معلمة قديرة عرفنا فيها دوماً التميز و الاخلاص في العطاء نسأل الله أن يبارك في عطائها و جهودها المثمرة🌷"
"2022-04-10T13:27:03.000Z","1513146542751985669","RT @jabaldhahran: 🖼مقتطفات من اليوم الدراسي في \n#مدارس_جبل_الظهران\nمرحلة رياض الأطفال 🏆\n📚النمو اللغوي واستخراج الحرف الجر واسم المجرور\n🌟الم…"
"2022-04-10T11:50:30.000Z","1513122243760594944","@jabaldhahran @moe_gov_sa @MOE_EPR @MOE_EPR_04 @Dhahran_Coop ماشاءالله عمل مميز"
"2022-04-10T11:49:47.000Z","1513122063430606848","RT @jabaldhahran: مقتطفات من اليوم الدراسي في \n#مدارس_جبل_الظهران\nصف ثاني ابتدائي _بنين 🏆\n📚قراءة الأعداد وكتابتها حتى الألف\n🌟المعلمة مروى ا…"
"2022-04-10T11:33:23.000Z","1513117939230298114","مقتطفات من اليوم الدراسي في \n#مدارس_جبل_الظهران\nصف ثاني ابتدائي _بنين 🏆\n📚قراءة الأعداد وكتابتها حتى الألف\n🌟المعلمة مروى الكري\n@moe_gov_sa @MOE_EPR @MOE_EPR_04 @Dhahran_Coop https://t.co/gNFD1IOICf"
"2022-04-10T11:09:03.000Z","1513111814669840390","@IAU_KSA @CAMSIAU @mall_of_dhahran @IAU_Media_KSA @talyousef_sa @IAUdent @iau_dcssd @IAU_CPH @IAU_CAMSJ فيه تمريض جامعه الامام بالرياض؟"
"2022-04-10T09:45:06.000Z","1513090686324772864","@jes_MAYC Now I have this WL!!! @007Fonz @ChuangDavid3 @MIkrancuk @GodOfPP_XO @wangjincisheng1 @Arrowfall1 @weishenmewoain1 @mr_orange_nft @daiwozh31571301 @digitalart37 @buniancengjing1 @AhmedCzarski @MatthewQuintina @AlCaptino @fengyinxuenuoy1 @dazhamei1 @Dhahran_966"
"2022-04-10T08:59:35.000Z","1513079231118512130","I'm at King Fahd University of Petroleum &amp; Minerals in Dhahran, Eastern province https://t.co/UK80ZRMfov"
"2022-04-10T08:54:39.000Z","1513077992829956097","RT @jabaldhahran: تعلن #مدارس_جبل_الظهران_الأهلية\nعن بدء التسجيل للعام الدراسي 1444هـ🎉\nخصومات وعروض لأول 50 مقعد🌟\nتواصل معنا  واسأل عن خصمك…"
"2022-04-10T08:33:21.000Z","1513072633423843329","RT @jabaldhahran: تعلن #مدارس_جبل_الظهران_الأهلية\nعن بدء التسجيل للعام الدراسي 1444هـ🎉\nخصومات وعروض لأول 50 مقعد🌟\nتواصل معنا  واسأل عن خصمك…"
"2022-04-10T08:32:44.000Z","1513072474371637248","Bye bye Dhahran 👋 https://t.co/asV6Luov3D"
"2022-04-10T08:23:46.000Z","1513070219081699328","RT @IAU_KSA: افتتح نائب رئيس #جامعة_الإمام_عبدالرحمن_بن_فيصل للشؤون الأكاديمية د.غازي العتيبي فعالية\n▫️يوم الصحة العالمي ٢٠٢٢م▫️\nبحضور مساع…"
"2022-04-10T08:23:37.000Z","1513070180678651905","RT @IAU_KSA: جانب من مشاركة الكليات الصحية بـ #جامعة_الإمام_عبدالرحمن_بن_فيصل كلية:\n▫️الطب\n▫️طب الأسنان\n▫️العلوم الطبية التطبيقية بالدمام و…"
"2022-04-10T08:00:48.000Z","1513064438529732610","@jwalh @dhahran_mun @EasternEamana @eMoroor وعليكم السلام ابشر كلمني واتساب ان شاء الله انا نحلها لك\n+966577034096"
"2022-04-10T08:00:32.000Z","1513064372666617860","@dhahran_mun @EasternEamana @eMoroor \nالسلام عليكم نأمل من الإخوة المسؤولين في الامانة ممثلة ببلدية الظهران وادارة المرور سرعة افتتاح هذه التوسعة لمخرج حي الدوحة من الجهة الشرقية، وضع الازدحام يزداد سوء كل يوم مع عودة الدراسة بشكل كامل خاصةً في الفترة الصباحية، الجميع في انتظاركم https://t.co/9JsUI76205"
"2022-04-10T07:47:35.000Z","1513061114736787457","RT @IAU_KSA: جانب من مشاركة الكليات الصحية بـ #جامعة_الإمام_عبدالرحمن_بن_فيصل كلية:\n▫️الطب\n▫️طب الأسنان\n▫️العلوم الطبية التطبيقية بالدمام و…"
"2022-04-10T07:40:34.000Z","1513059348460810241","مقتطفات من اليوم الدراسي في \n#مدارس_جبل_الظهران\nاول ابتدائي قسم بنات 🏆\n📚وحدة الطقس  (أدوات القياس)\n🌟المعلمة نوف القحطاني\n@moe_gov_sa @MOE_EPR @MOE_EPR_04 @Dhahran_Coop https://t.co/wlgoSN2sgt https://t.co/jz3yeUDDeo"
"2022-04-10T07:33:17.000Z","1513057514430021637","@Dhahran_aljanob الله يفرًج همه و كل مسلم ."
"2022-04-10T07:28:38.000Z","1513056343904690179","مقتطفات من اليوم الدراسي في \n#مدارس_جبل_الظهران\nمرحلة رياض الأطفال 🏆\n📚النمو اللغوي واستخراج الحرف الجر واسم المجرور [الجزء الثاني]\n🌟المعلمة نبراس الدوسري\n@moe_gov_sa @MOE_EPR @MOE_EPR_04 @Dhahran_Coop https://t.co/jsZmgBV250"
"2022-04-10T07:25:42.000Z","1513055606722248707","🖼مقتطفات من اليوم الدراسي في \n#مدارس_جبل_الظهران\nمرحلة رياض الأطفال 🏆\n📚النمو اللغوي واستخراج الحرف الجر واسم المجرور\n🌟المعلمة نبراس الدوسري\n@moe_gov_sa @MOE_EPR @MOE_EPR_04 @Dhahran_Coop https://t.co/8D0iVAULEa"
"2022-04-10T06:41:03.000Z","1513044370819325953","RT @IAU_KSA: افتتح نائب رئيس #جامعة_الإمام_عبدالرحمن_بن_فيصل للشؤون الأكاديمية د.غازي العتيبي فعالية\n▫️يوم الصحة العالمي ٢٠٢٢م▫️\nبحضور مساع…"
"2022-04-10T06:01:54.000Z","1513034519728820225","Just posted a photo @ Saudi Aramco Residential Camp in Dhahran https://t.co/X612f7vh0h"
"2022-04-10T04:41:11.000Z","1513014202818039808","RT @Wajid_Sindhi1: The Ghawar oilfield, located about 100km southwest of Dhahran in the Al Hasa Province of Saudi Arabia, is the world's bi…"
"2022-04-10T03:35:14.000Z","1512997609748717577","😪 (@ King Fahd University of Petroleum &amp; Minerals - @kfupm in Dhahran, Eastern province) https://t.co/zrr3COegRO"
"2022-04-10T03:19:37.000Z","1512993677861433348","RT @Wajid_Sindhi1: The Ghawar oilfield, located about 100km southwest of Dhahran in the Al Hasa Province of Saudi Arabia, is the world's bi…"
"2022-04-10T01:50:05.000Z","1512971147721203717","@mattdeanmarsh I was there for thirty days in August 1990. Desert Shield. We moved up to Riyadh stayed I there for another five mouths. Desert Storm. One of only five that stayed that long. Air Force EC-130 crew chief. I got to go back in 1993 to Dhahran for ninety days."
"2022-04-10T01:21:33.000Z","1512963963968962565","Mechanical certified APIs Inspectors, (5 – 10 yrs.), Dhahran – Saudi Arabia https://t.co/D92PhMvtQi"
"2022-04-10T00:12:14.000Z","1512946519598678020","RT @Yahya_Saree: 1-The armed forces carried out the second phase of breaking the siege by bombing a number of vital and important targets i…"
"2022-04-09T23:08:09.000Z","1512930393137295361","RT @IAU_KSA: افتتح نائب رئيس #جامعة_الإمام_عبدالرحمن_بن_فيصل للشؤون الأكاديمية د.غازي العتيبي فعالية\n▫️يوم الصحة العالمي ٢٠٢٢م▫️\nبحضور مساع…"
"2022-04-09T23:06:19.000Z","1512929933928157185","RT @IAU_KSA: افتتح نائب رئيس #جامعة_الإمام_عبدالرحمن_بن_فيصل للشؤون الأكاديمية د.غازي العتيبي فعالية\n▫️يوم الصحة العالمي ٢٠٢٢م▫️\nبحضور مساع…"
"2022-04-09T22:40:20.000Z","1512923395393994757","@IAU_KSA @moh_eastern @mall_of_dhahran @IAU_Media_KSA @talyousef_sa @IAU_CPH @IAUdent @IAU_CAMSJ @IAU_AR المساعدة في كتابة #الأبحاث\nونشر الأبحاث والأوراق العلمية\n في المجلات #العلمية المحكمة🌹🌹🌿🌹\n وتساب\n00966594224920\n#السعودية   #البحرين  #صباح_الخير  #البحث_العلمي #الفصل_الدراسي_الثالث #النشر #بحوث_جامعية  \n#الجمعه\n#رمضان https://t.co/GVxd5OSmVe"
"2022-04-09T22:38:31.000Z","1512922935287234562","I'm at @Mall_of_Dhahran in Dhahran, Eastern Province https://t.co/1k13FaGupu"
"2022-04-09T22:37:47.000Z","1512922750595252226","I'm at 8Oz Speciality Coffee - @8ozcafe in Dhahran, Ash Sharqiyah https://t.co/ehxhG2vnpX"
"2022-04-09T22:19:56.000Z","1512918259456163848","RT @Wajid_Sindhi1: The Ghawar oilfield, located about 100km southwest of Dhahran in the Al Hasa Province of Saudi Arabia, is the world's bi…"
"2022-04-09T21:41:10.000Z","1512908503580610589","@dhahran_mun ايش هي وسيله التواصل معاكم رفع الشكاوى والملاحظات؟"
"2022-04-09T20:58:14.000Z","1512897699162513408","I'm at @Mall_of_Dhahran in Dhahran, Eastern Province https://t.co/qwy9JcJBDj"
"2022-04-09T20:18:58.000Z","1512887817222950918","RT @Wajid_Sindhi1: The Ghawar oilfield, located about 100km southwest of Dhahran in the Al Hasa Province of Saudi Arabia, is the world's bi…"
"2022-04-09T20:04:37.000Z","1512884204765421568","@jes_MAYC Now I have this WL!!! @007Fonz @ChuangDavid3 @MIkrancuk @GodOfPP_XO @wangjincisheng1 @Arrowfall1 @weishenmewoain1 @mr_orange_nft @daiwozh31571301 @digitalart37 @buniancengjing1 @AhmedCzarski @MatthewQuintina @AlCaptino @fengyinxuenuoy1 @dazhamei1 @Dhahran_966"
"2022-04-09T19:56:02.000Z","1512882045126594565","RT @Wajid_Sindhi1: The Ghawar oilfield, located about 100km southwest of Dhahran in the Al Hasa Province of Saudi Arabia, is the world's bi…"
"2022-04-09T18:55:12.000Z","1512866738915971083","@bamardoufh @CntrDammam_mun @Khobar_mun @WestDammam_Mun @EastDammam_mun @dhahran_mun @eMoroor كلمني وتس اب بحلها لك 966580654191+"
"2022-04-09T18:54:51.000Z","1512866647484346373","@dhahran_mun @bamardoufh @CntrDammam_mun @Khobar_mun @WestDammam_Mun @EastDammam_mun @eMoroor كلمني وتس اب بحلها لك 966580654191+"
"2022-04-09T18:47:06.000Z","1512864698299031559","@CntrDammam_mun @Khobar_mun @WestDammam_Mun @EastDammam_mun @dhahran_mun @eMoroor السلام عليكم.. إلى الآن المشكلة لم تحل ومازال الوضع على ماهو عليه.. يرجى اتخاذ اللازم بأسرع وقت وشكراً.."
"2022-04-09T18:13:49.000Z","1512856324379492354","Just posted a photo @ Al - Doha - Al Dhahran - KSA https://t.co/sU07b6mLmX"
"2022-04-09T17:53:52.000Z","1512851301226459138","RT @Wajid_Sindhi1: The Ghawar oilfield, located about 100km southwest of Dhahran in the Al Hasa Province of Saudi Arabia, is the world's bi…"
"2022-04-09T17:45:53.000Z","1512849291819245573","Estamos online para o último episódio da nossa campanha A Praga de Dhahran: Declínio\n\nVenha conferir o desfecho dessa história em https://t.co/7F2Uah1VRs"
"2022-04-09T16:58:54.000Z","1512837470022352898","Sex or massage with happy ending click this https://t.co/h5N40rvaIc\n#Massage_in_Jubail \n#Massage_in_Alhasa \n#massage_in_khobar\n#massage_in_dammam\n#Massage_in_Dhahran https://t.co/CWXCc3R51d"
"2022-04-09T16:58:09.000Z","1512837280884473859","Sex or massage with happy ending click this https://t.co/O3gpYG12OZ\n#Massage_in_Jubail \n#Massage_in_Alhasa \n#massage_in_khobar\n#massage_in_dammam\n#Massage_in_Dhahran https://t.co/RVTgbOQSDG"
"2022-04-09T16:16:29.000Z","1512826794877071365","🔺\nجدة - الياسمين مول \nhttps://t.co/GS9MqNNf6t\n\n🔺 \nالخبر - الظهران مول \nhttps://t.co/PvNXzcmMjb"
"2022-04-09T16:13:44.000Z","1512826103731310593","RT @IAU_KSA: افتتح نائب رئيس #جامعة_الإمام_عبدالرحمن_بن_فيصل للشؤون الأكاديمية د.غازي العتيبي فعالية\n▫️يوم الصحة العالمي ٢٠٢٢م▫️\nبحضور مساع…"
"2022-04-09T15:38:41.000Z","1512817284141793282","شركة مكافحة حشرات بالخبر\nhttps://t.co/DLCqOdGaHa\nشركة مكافحة حشرات بالظهران\nhttps://t.co/hVm2XLrKpR\nشركة مكافحة حشرات بالقطيف\nhttps://t.co/15GNHH2ar2\nشركة مكافحة حشرات بحفر الباطن\nhttps://t.co/WucFiP0sBW\nشركة مكافحة حشرات بمحايل عسير\nhttps://t.co/g3S2uBjIEl"
"2022-04-09T15:38:26.000Z","1512817217724895236","شركة مكافحة حشرات بللحمر\nhttps://t.co/tPwuZKJkdS\nشركة مكافحة حشرات بالمجاردة\nhttps://t.co/6H7AjCmmFi\nشركة مكافحة حشرات بجازان\nhttps://t.co/iYIkjJhvv3\nشركة مكافحة حشرات بسراة عبيدة\nhttps://t.co/Eu8HadvoPt\nشركة مكافحة حشرات بظهران الجنوب\nhttps://t.co/qjqq94gg3v"
"2022-04-09T15:33:31.000Z","1512815980161994764","I'm at Radisson Blu Resort in Dhahran, Ash Sharqiyah https://t.co/kpdAmu2fho"
"2022-04-09T15:31:14.000Z","1512815407685636101","RT @jabaldhahran: تعلن #مدارس_جبل_الظهران_الأهلية\nعن بدء التسجيل للعام الدراسي 1444هـ🎉\nخصومات وعروض لأول 50 مقعد🌟\nتواصل معنا  واسأل عن خصمك…"
"2022-04-09T15:31:14.000Z","1512815406343467008","شركة مكافحة الحمام بسراة عبيدة\nhttps://t.co/UFegDlxyly\nشركة مكافحة الحمام بالظهران\nhttps://t.co/n3XhSj1CKQ\nشركة مكافحة الحمام بالخبر\nhttps://t.co/5Hf0tyZNju\nشركة مكافحة الحمام بالقطيف\nhttps://t.co/sqXWc7WLj8\nشركة مكافحة الحمام بخميس مشيط\nhttps://t.co/COIjOBx2jD"
"2022-04-09T15:31:07.000Z","1512815379873210371","شركة مكافحة الحمام بالاحساء\nhttps://t.co/TZqGaQRaST\nشركة مكافحة الحمام بجازان\nhttps://t.co/5GGd2pKxls\nشركة مكافحة الحمام بنجران\nhttps://t.co/a5KTyTHO98\nشركة مكافحة الحمام بمحايل عسير\nhttps://t.co/TscSjKh5mz\nشركة مكافحة الحمام بظهران الجنوب\nhttps://t.co/pyBei5zSaG"
"2022-04-09T15:29:55.000Z","1512815074095861767","شركه عزل الخزانات باللحمر\nhttps://t.co/EcDLssMwRI\nشركه عزل الخزانات بسراة عبيدة\nhttps://t.co/V7qYX0taqR\nشركه عزل الخزانات بسراة عبيدة\nhttps://t.co/xNePwj2Zc1\nشركه عزل الخزانات بظهران الجنوب \nhttps://t.co/DQsWpJs6nm\nشركه عزل الخزانات بمحايل عسير\nhttps://t.co/wrmaRFoPyB"
"2022-04-09T15:23:10.000Z","1512813379005599746","شركة تنظيف بالخبر\nhttps://t.co/SSkCIGEJfG\nشركة تنظيف بالظهران\nhttps://t.co/sKXnFW5nMB\nشركة تنظيف بالقطيف\nhttps://t.co/Mt6GnqogVG\nشركة تنظيف بالهفوف\nhttps://t.co/4KnpnAUZsC\nشركة تنظيف بحفر الباطن\nhttps://t.co/hZBmxjZ4Zd\nشركة تنظيف ببريدة\nhttps://t.co/ATnySMgYui"
"2022-04-09T15:23:02.000Z","1512813343928631303","شركة تنظيف منازل بسراة عبيدة\nhttps://t.co/epFCoaxK0O\n تنظيف بظهران الجنوب\nhttps://t.co/ce52Fmiswc\nشركة تنظيف بالمجاردة\nhttps://t.co/0TVKjdsYsB\nشركة تنظيف بللحمر\nhttps://t.co/PWCcDG9Kdo\nشركة تنظيف بالاحساء\nhttps://t.co/cNQb7F7qQC\nشركة تنظيف بالجبيل\nhttps://t.co/Z0yt3tOlMk"
"2022-04-09T15:20:50.000Z","1512812789445898243","شركة تنظيف مداخن المطاعم بالهفوف\nhttps://t.co/kYsSZDEfeT\nشركة تنظيف مداخن المطاعم بالاحساء \nhttps://t.co/SP1fKVaX1Y\nشركة تنظيف مداخن المطاعم بالخبر \nhttps://t.co/I6Fr2ITptI\nشركة تنظيف مداخن المطاعم بالظهران\nhttps://t.co/JH54YrDdMG"
"2022-04-09T15:20:43.000Z","1512812762203934720","شركة تنظيف مداخن المطاعم بسراة عبيدة \nhttps://t.co/oAQKK1CngX\nشركة تنظيف مداخن المطاعم بظهران الجنوب\nhttps://t.co/tK4BRtTx4e\nشركة تنظيف مداخن المطاعم بمحايل عسير\nhttps://t.co/q3biKVkpoc\nشركة تنظيف مداخن المطاعم بنجران\nhttps://t.co/q7Ff6tQkIx"
"2022-04-09T15:19:33.000Z","1512812466249555971","شركة تعقيم بالظهران\nhttps://t.co/7EXNKQ0kcF\nشركة تعقيم بالخبر\nhttps://t.co/CMZLFYYoZE\nشركة تعقيم بالقطيف\nhttps://t.co/UhEEHBW60Y\nشركة تعقيم بخميس مشيط\nhttps://t.co/TS0CCa5Gev\nشركة تعقيم بابها\nhttps://t.co/0Gix1iFKNg\nشركة تعقيم بالدرب\nhttps://t.co/m1vRv7tby3"
"2022-04-09T15:19:28.000Z","1512812445072596994","شركة تعقيم بجازان\nhttps://t.co/ZINhNSElJs\nشركة تعقيم بنجران\nhttps://t.co/vrrnav7ty3\nشركة تعقيم بمحايل عسير\nhttps://t.co/mQKL1u8BYt\nشركة تعقيم بظهران الجنوب\nhttps://t.co/ulxVmLxgQP\nشركة تعقيم بسراة عبيدة\nhttps://t.co/Uhfx1AY1QV"
"2022-04-09T15:16:30.000Z","1512811697886666755","شركة تنظيف خزانات بالاحساء\nhttps://t.co/VqNXUZcWFu\nشركة تنظيف خزانات بالخبر\nhttps://t.co/98DNxcT3wh\nشركة تنظيف خزانات بالظهران\nhttps://t.co/TgTr4GYUGe\nشركة تنظيف خزانات بالقطيف\nhttps://t.co/uFPdtycGeM\nشركة تنظيف خزانات بالجبيل\nhttps://t.co/qicieJ6itk"
"2022-04-09T15:16:21.000Z","1512811660515450882","شركة تنظيف خزانات بسراة عبيدة\nhttps://t.co/sMLcKsHCmm\nشركة تنظيف خزانات بظهران الجنوب\nhttps://t.co/ejA5axRw0V\nشركة تنظيف خزانات بمحايل عسير\nhttps://t.co/JU6dUawhwR\nشركة تنظيف خزانات بنجران\nhttps://t.co/MbThDwsr0V\nشركة تنظيف خزانات بالهفوف\nhttps://t.co/se0Cw2aPyc"
"2022-04-09T15:09:56.000Z","1512810045423198209","شركة مكافحة حشرات بمكة\nhttps://t.co/6BRraTmVkT\nشركة مكافحة حشرات بجدة\nhttps://t.co/ZKTJOIRq5s\nشركة مكافحة حشرات بظهران الجنوب\nhttps://t.co/U6RwYviIpa\nشركه مكافحه حشرات بسراه عبيده\nhttps://t.co/N9hw7tHZsa\nشركه مكافحه حشرات بالنماص\nhttps://t.co/xfu7cToXUU"
"2022-04-09T15:07:25.000Z","1512809412473364480","شركه تنظيف بظهران الجنوب\nhttps://t.co/gTEaZYjaFk\nشركه تنظيف بسراة عبيدة\nhttps://t.co/8Sio8vB3y2\nشركة تنظيف منازل بالنماص\nhttps://t.co/w5yqIkcjvU\nشركة تنظيف بالدرب\nhttps://t.co/hLlgcdIiol\nشركة تنظيف بمحايل عسير\nhttps://t.co/OOdXJoq8Lx"
"2022-04-09T15:05:08.000Z","1512808838600216589","شركة تنظيف مداخن المطاعم بالاحساء\nhttps://t.co/NNjNAQUfPy\nشركة تنظيف مداخن المطاعم بالهفوف\nhttps://t.co/QtsBna6kmj\nتنظيف مداخن المطاعم بالقطيف\nhttps://t.co/FzETYsKBeo\nشركة تنظيف مداخن المطاعم بالظهران\nhttps://t.co/KcXAp0qmEh"
"2022-04-09T15:03:39.000Z","1512808465005264901","شركة تنظيف خزانات بظهران الجنوب\nhttps://t.co/QH0bgHRHVb\nشركة تنظيف خزانات بسراة عبيدة\nhttps://t.co/ActqDtGa0o\nشركة تنظيف خزانات بالنماص\nhttps://t.co/fcSuamK9IT\nشركة تنظيف خزانات بالدرب\nhttps://t.co/tfVA0OEV8g\nشركة تنظيف خزانات بمحايل عسير\nhttps://t.co/a6gzK5zL2G"
"2022-04-09T14:44:54.000Z","1512803748082507780","تنظيف مداخن المطاعم بالاحساء\nhttps://t.co/kDKsdX7YyC\nتنظيف مداخن المطاعم بالخبر\nhttps://t.co/uhLr1p5yqk\nتنظيف مداخن المطاعم بالدمام\nhttps://t.co/lSO9ejxdc9\nتنظيف مداخن المطاعم بالظهران\nhttps://t.co/tMEHl0Tawk\nتنظيف مداخن بحفر الباطن\nhttps://t.co/5k3gmDQPAC"
"2022-04-09T14:21:59.000Z","1512797981048680453","Just posted a photo @ Al - Doha - Al Dhahran - KSA https://t.co/szRDJeGwM1"
"2022-04-09T14:21:46.000Z","1512797923570065416","Just posted a photo @ Al - Doha - Al Dhahran - KSA https://t.co/G77fBJvnQS"
"2022-04-09T11:57:38.000Z","1512761651275124737","Just posted a photo @ Al - Doha - Al Dhahran - KSA https://t.co/V6ga4EJfuh"
"2022-04-09T11:46:52.000Z","1512758944426790912","RT @FarmanMohammad: @ThompsonMarkC My dear Dr. It is my pleasure to contact with you to talk about Quran and, since I was Imam of Dhahran m…"
"2022-04-09T11:17:02.000Z","1512751436962189318","RT @FarmanMohammad: @ThompsonMarkC My dear Dr. It is my pleasure to contact with you to talk about Quran and, since I was Imam of Dhahran m…"
"2022-04-09T10:58:03.000Z","1512746657452118016","🇸🇦🤝🇧🇭\nI had the honor to host my dear friend Sheikh Abdullah bin Khalid Al Khalifa 🇧🇭\n\n And in the presence of His Excellency the U.S Consul General in Dhahran, Mr. David Edginton @DavidAbuYaqoob 🇺🇸 \n\n Thank you for businessmen and friends who honored me with this visit. 🌹"
"2022-04-09T08:58:33.000Z","1512716585114427393","RT @jabaldhahran: تعلن #مدارس_جبل_الظهران_الأهلية\nعن بدء التسجيل للعام الدراسي 1444هـ🎉\nخصومات وعروض لأول 50 مقعد🌟\nتواصل معنا  واسأل عن خصمك…"
"2022-04-09T08:57:56.000Z","1512716429535195138","""يسعدنا خدمتكم في المنطقة الشرقية اسبوعياً ، الزيارة القادمة ستكون يوم الجمعة بتاريخ (15-04-22 ) علماً بان مكان العمل هو فندق الوفت الظهران  Aloft Dhahran   وساعات العمل ستكون بعد الافطار  من الساعة 09:00 مساءاً لغاية 12:00 منتصف الليل   ""\ninfo.ruh@blshelpline.com or 0114831162 https://t.co/7DBwhx0Omg"
"2022-04-09T08:46:37.000Z","1512713582777180161","يلا نضيييع (@ IKEA Restaurant &amp; Cafe - @ikeasaudiarabia in Dhahran) https://t.co/yBzt6TxS6p"
"2022-04-09T08:18:05.000Z","1512706400924979200","RT @IAU_KSA: جانب من مشاركة الكليات الصحية بـ #جامعة_الإمام_عبدالرحمن_بن_فيصل كلية:\n▫️الطب\n▫️طب الأسنان\n▫️العلوم الطبية التطبيقية بالدمام و…"
"2022-04-09T06:30:24.000Z","1512679303498158081","@dhahran_mun السوال الان !؟ ماهي الطريقه الصحيح لتقديم طلب ومعالجته من قبل البلدية؟\nلماذا لا يوجد حل فعلي قبل اغلاق التذكيره؟\nمافائدة تقديم التذكرة؟\nلماذا يتم الاهمال من قبل الواتس اب؟"
"2022-04-09T06:29:05.000Z","1512678970071859203","@dhahran_mun قمت بارسال الطلب على واتس اب البلدية وتوضيح المشكله عل وعسى يكون غيه تعاون .. لكن للاسف دون رد !! https://t.co/rFagG08mlQ"
"2022-04-09T06:28:12.000Z","1512678749371830273","@dhahran_mun قمت بفتح طلب 4309001529 وتم اغلاقه دون الاصلاح .. ثم قمت بفتح طلب رقم 4309000806 وتم اغلاقه دون الاصلاح .. ثم فتحت طلب رقم 4309003448 وتم ايضا اغلاقه دون الاصلاح ! ثم قمت اخيرا بفتح طلب رقم 4309005264 وتم اغلاقه دون اصلاح !؟\nما فائدة تقديم البلاغ اذا؟"
"2022-04-09T04:34:33.000Z","1512650147804725252","RT @sharyanta: @mall_of_dhahran ياليت لو فيه قائمة بأسماء المطاعم والاسعار اذا موجوده لاتبخلون علينا فيها. طبعا عشان الواحد يعرف خياراته وي…"
"2022-04-09T03:07:05.000Z","1512628136453840904","@dhahran_mun @MaherAlbawardi شكرآ على  ارد من بلدية الظهران وشكرآ ماهر البواردي صوتنا يصل دائمآ من خلالك ."
"2022-04-09T02:49:03.000Z","1512623596643962881","The reason for writing (God protects you) on civil and military planes in 1419 AH while receiving the last batch of fighter planes (F15S) at King Abdulaziz Air Base in Dhahran. Planes https://t.co/GHknbIE0tu"
"2022-04-09T00:43:06.000Z","1512591902721384448","@mall_of_dhahran السلام عليكم هل فرع تعطيره فاتح عندكم ؟ https://t.co/wKuZIMAd9t"
"2022-04-09T00:07:30.000Z","1512582941180051460","RT @IAU_KSA: جانب من مشاركة الكليات الصحية بـ #جامعة_الإمام_عبدالرحمن_بن_فيصل كلية:\n▫️الطب\n▫️طب الأسنان\n▫️العلوم الطبية التطبيقية بالدمام و…"
"2022-04-08T23:57:25.000Z","1512580406276677635","@dhahran_mun @salaaama شكرًا لكم لسرعة الاجابة 👍🏻"
"2022-04-08T23:28:27.000Z","1512573114038763525","RT @Wajid_Sindhi1: The Ghawar oilfield, located about 100km southwest of Dhahran in the Al Hasa Province of Saudi Arabia, is the world's bi…"
"2022-04-08T23:25:36.000Z","1512572398553415682","RT @IAU_KSA: جانب من مشاركة الكليات الصحية بـ #جامعة_الإمام_عبدالرحمن_بن_فيصل كلية:\n▫️الطب\n▫️طب الأسنان\n▫️العلوم الطبية التطبيقية بالدمام و…"
"2022-04-08T22:51:40.000Z","1512563856043909126","تعلن #مدارس_جبل_الظهران_الأهلية\nعن بدء التسجيل للعام الدراسي 1444هـ🎉\nخصومات وعروض لأول 50 مقعد🌟\nتواصل معنا  واسأل عن خصمك الخاص\nللاستفسار:\n☎️920002352\n📱0554044287\nوللمزيد من المعلومات تفضل بزيارة الموقع:\nhttps://t.co/NOAvAnSaTm\n@moe_gov_sa @MOE_EPR @MOE_EPR_04 @Dhahran_Coop https://t.co/n8eEgHkdKr"
"2022-04-08T22:48:44.000Z","1512563120035749891","@dhahran_mun الله يبارك في جهودكم"
"2022-04-08T22:41:35.000Z","1512561319869927431","RT @MAssagedammam05: Massage in khobar dammam jubail qatif alhassa dhahran rakah  WhatsApp 0538467554♥️🇵🇭 #massage_in_dammam #massage_in_kh…"
"2022-04-08T22:12:57.000Z","1512554116471529480","RT @IAU_KSA: جانب من مشاركة الكليات الصحية بـ #جامعة_الإمام_عبدالرحمن_بن_فيصل كلية:\n▫️الطب\n▫️طب الأسنان\n▫️العلوم الطبية التطبيقية بالدمام و…"
"2022-04-08T22:10:33.000Z","1512553511761989632","The Ghawar oilfield, located about 100km southwest of Dhahran in the Al Hasa Province of Saudi Arabia, is the world's biggest conventional oil field both by oil reserves and production.\n#برنامج_أميال\n@Riyadh_Radio https://t.co/zPDo0vFYR1"
"2022-04-08T22:07:47.000Z","1512552815440367616","@Riyadh_Radio The Ghawar oilfield, located about 100km southwest of Dhahran in the Al Hasa Province of Saudi Arabia, is the world's biggest conventional oil field both by oil reserves and production."
"2022-04-08T21:36:15.000Z","1512544880345731079","@Kingoft58593897 @dhahran_mun انشاء الله ان الظهران ترى  النور بقيادة رئيسها الجديد المهندس فيصل القحطاني وهذا ما لمسناه من جهودهم في حدائق المنطقة وشاطي نصف القمر من الاهتمام بالمسطحات الخضراء وإزالة التشوهات البصريه"
"2022-04-08T21:09:11.000Z","1512538065511895040","@ThompsonMarkC My dear Dr. It is my pleasure to contact with you to talk about Quran and, since I was Imam of Dhahran mosque in the student housing,,,"
"2022-04-08T20:57:59.000Z","1512535247417749506","RT @IAU_KSA: جانب من مشاركة الكليات الصحية بـ #جامعة_الإمام_عبدالرحمن_بن_فيصل كلية:\n▫️الطب\n▫️طب الأسنان\n▫️العلوم الطبية التطبيقية بالدمام و…"
"2022-04-08T20:56:31.000Z","1512534879216578562","@IAU_KSA @mall_of_dhahran @IAU_Media_KSA @talyousef_sa @IAUdent @iau_dcssd @IAU_CPH @IAU_CAMSJ تواجد مميز 👏"
"2022-04-08T20:55:57.000Z","1512534738338291720","RT @IAU_KSA: جانب من مشاركة الكليات الصحية بـ #جامعة_الإمام_عبدالرحمن_بن_فيصل كلية:\n▫️الطب\n▫️طب الأسنان\n▫️العلوم الطبية التطبيقية بالدمام و…"
"2022-04-08T20:48:05.000Z","1512532757984985092","RT @IAU_KSA: جانب من مشاركة الكليات الصحية بـ #جامعة_الإمام_عبدالرحمن_بن_فيصل كلية:\n▫️الطب\n▫️طب الأسنان\n▫️العلوم الطبية التطبيقية بالدمام و…"
"2022-04-08T20:41:44.000Z","1512531157245644801","RT @IAU_KSA: جانب من مشاركة الكليات الصحية بـ #جامعة_الإمام_عبدالرحمن_بن_فيصل كلية:\n▫️الطب\n▫️طب الأسنان\n▫️العلوم الطبية التطبيقية بالدمام و…"
"2022-04-08T20:33:48.000Z","1512529163399450626","@IAU_KSA @mall_of_dhahran @IAU_Media_KSA @talyousef_sa @IAUdent @iau_dcssd @IAU_CPH @IAU_CAMSJ إعداد الاطار العام\n\nإعداد الاطار النظري\n\nتلخيص الدراسات السابقة\n\nتوفير المراجع والمصادر\n\nنقد الدراسات السابقة"
"2022-04-08T20:33:30.000Z","1512529088824545280","Just posted a photo @ Al - Doha - Al Dhahran - KSA https://t.co/36RWssNwZm"
"2022-04-08T20:27:27.000Z","1512527564379762695","RT @IAU_KSA: جانب من مشاركة الكليات الصحية بـ #جامعة_الإمام_عبدالرحمن_بن_فيصل كلية:\n▫️الطب\n▫️طب الأسنان\n▫️العلوم الطبية التطبيقية بالدمام و…"
"2022-04-08T20:20:03.000Z","1512525700963651586","RT @IAU_KSA: جانب من مشاركة الكليات الصحية بـ #جامعة_الإمام_عبدالرحمن_بن_فيصل كلية:\n▫️الطب\n▫️طب الأسنان\n▫️العلوم الطبية التطبيقية بالدمام و…"
"2022-04-08T20:18:19.000Z","1512525264793837572","RT @alsaad442: تشرفت بزيارة قصور ال المونس بمحافظة ظهران الجنوب\n(دار العرق)\n@Dhahran_aljanob \n@BaladiaDhahran https://t.co/0Mjc99nZz8"
"2022-04-08T19:59:57.000Z","1512520646194077696","RT @IAU_KSA: جانب من مشاركة الكليات الصحية بـ #جامعة_الإمام_عبدالرحمن_بن_فيصل كلية:\n▫️الطب\n▫️طب الأسنان\n▫️العلوم الطبية التطبيقية بالدمام و…"
"2022-04-08T19:59:47.000Z","1512520603013685248","RT @IAU_KSA: جانب من مشاركة الكليات الصحية بـ #جامعة_الإمام_عبدالرحمن_بن_فيصل كلية:\n▫️الطب\n▫️طب الأسنان\n▫️العلوم الطبية التطبيقية بالدمام و…"
"2022-04-08T19:58:33.000Z","1512520291464978434","RT @IAU_KSA: جانب من مشاركة الكليات الصحية بـ #جامعة_الإمام_عبدالرحمن_بن_فيصل كلية:\n▫️الطب\n▫️طب الأسنان\n▫️العلوم الطبية التطبيقية بالدمام و…"
"2022-04-08T19:57:54.000Z","1512520128956612618","RT @IAU_KSA: جانب من مشاركة الكليات الصحية بـ #جامعة_الإمام_عبدالرحمن_بن_فيصل كلية:\n▫️الطب\n▫️طب الأسنان\n▫️العلوم الطبية التطبيقية بالدمام و…"
"2022-04-08T19:57:23.000Z","1512519996928319490","جانب من مشاركة الكليات الصحية بـ #جامعة_الإمام_عبدالرحمن_بن_فيصل كلية:\n▫️الطب\n▫️طب الأسنان\n▫️العلوم الطبية التطبيقية بالدمام والجبيل\n▫️الصحة العامة\n▫️الصيدلة الإكلينيكية\n▫️التمريض\nبمناسبة #يوم_الصحة_العالمي ٢٠٢٢ حيث تقدم الأركان المشاركة المعلومات التوعوية لزوار@mall_of_dhahran https://t.co/2kEkIohoVB"
"2022-04-08T19:56:48.000Z","1512519851109191693","I'm at @Mall_of_Dhahran in Dhahran, Eastern Province https://t.co/dl9Hl7Hw5B"
"2022-04-08T18:31:40.000Z","1512498425014755338","RT @IAU_KSA: افتتح نائب رئيس #جامعة_الإمام_عبدالرحمن_بن_فيصل للشؤون الأكاديمية د.غازي العتيبي فعالية\n▫️يوم الصحة العالمي ٢٠٢٢م▫️\nبحضور مساع…"
"2022-04-08T17:56:19.000Z","1512489532087746567","Mr. Abdulrahman Al Humood with his Pan America™️. Congrats from Harley-Davidson®️of  Dhahran Team. We fulfil dreams of personal freedom. https://t.co/mOLNukjnSK"
"2022-04-08T17:43:20.000Z","1512486263823077377","RT @IAU_KSA: افتتح نائب رئيس #جامعة_الإمام_عبدالرحمن_بن_فيصل للشؤون الأكاديمية د.غازي العتيبي فعالية\n▫️يوم الصحة العالمي ٢٠٢٢م▫️\nبحضور مساع…"
"2022-04-08T17:08:09.000Z","1512477408728780803","@ShyamMeeraSingh Yeh apradih sadhu ka wais dhahran karke betha hai. Iss tarah India ki nasl barbaad ho jayegi aur atankwadi badh jayenge. Jaise yeh atankwadi hai waise hi atankwadi tayaar karega."
"2022-04-08T17:01:47.000Z","1512475805766533124","@ZARA_Care Hi, do you have a tailor in Dhahran or Khobar to fix Zara pants?"
"2022-04-08T17:00:11.000Z","1512475405558730763","@ElonPunkNft @pungogh 🏆 WL Winners\n\n@LukePizzadonut @EGMI_Egon @the_moon1919 @FeverkeaneZ @Dhahran_966 @JimboSl16823233\n\nFind and Join Discord @LaurenMoinuddin"
"2022-04-08T16:58:05.000Z","1512474875583156229","@mall_of_dhahran في اي بوابة"
"2022-04-08T16:48:07.000Z","1512472366663745538","Sex or massage with happy ending click this https://t.co/fkz6dhMfrq\n#Massage_in_Jubail \n#Massage_in_Alhasa \n#massage_in_khobar\n#massage_in_dammam\n#Massage_in_Dhahran https://t.co/HOqirlxETl"
"2022-04-08T16:23:50.000Z","1512466256720506887","@mall_of_dhahran  مانقو اي بوابه ؟"
"2022-04-08T14:52:00.000Z","1512443143978995715","RT @IAU_KSA: افتتح نائب رئيس #جامعة_الإمام_عبدالرحمن_بن_فيصل للشؤون الأكاديمية د.غازي العتيبي فعالية\n▫️يوم الصحة العالمي ٢٠٢٢م▫️\nبحضور مساع…"
"2022-04-08T14:45:41.000Z","1512441554778079243","Barely catching my breath from the @syncithra Digital Wellbeing Summit, I flew from Dhahran to Al Ula, one of the oldest cities in the Arabian Peninsula and home to Saudi Arabia's first UNESCO World Heritage Site.\n\nI was visiting as part of the Global En… https://t.co/safMkVdRk2 https://t.co/1m6mbRI6dd"
"2022-04-08T14:34:53.000Z","1512438838609813508","Barely catching my breath from the @SyncIthra #DigitalWellbeingSummit, I flew from Dhahran to Al Ula, one of the oldest cities in the Arabian Peninsula and home to Saudi Arabia's first UNESCO World Heritage Site. https://t.co/b5hCw7AekF"
"2022-04-08T13:00:45.000Z","1512415147704426502","أفضل الأطباق المعدّة خصيصاً لكم تأتيكم أينما كنتم\n.\n#الشرقية #الخبر #الدوحة #الراكة #الظهران #العزيزية #اجتماعات #مناسبات #احتفالات #زواج #حفلاتتخرج #القصيبي #بوفيهمنزلي #بوفيهات #حفلات #حفلات_خارجية #بوفيه \n #khobar #Doha #Rakkah #Dhahran #Azizia  #Meetings #Celebrations https://t.co/4gJjRDkVm4"
"2022-04-08T12:58:35.000Z","1512414603921219586","احتفالاتكم العائلية تكتمل بأطباقنا الشهية\n.\n#الشرقية #الخبر #الدوحة #الراكة #الظهران #العزيزية #اجتماعات #مناسبات #احتفالات #زواج #حفلاتتخرج #القصيبي #بوفيهمنزلي #بوفيهات #حفلات #حفلات_خارجية #بوفيه \n #khobar #Doha #Rakkah #Dhahran #Azizia  #Meetings #Celebrations #Occasions https://t.co/ohm4UIP46x"
"2022-04-08T12:12:55.000Z","1512403110781722632","@mall_of_dhahran غير صحيح اليوم جمعه جيت الساعه ١٢ ومقفل يقولون ١ يفتح ونتم كاتبين ١١ ونص !!! الواحد يطق مشوار وهو صايم عالفاضي"
"2022-04-08T11:57:06.000Z","1512399130206908424","@dhahran_mun\nالرجاء من بلدية الظهران الانتباه أثناء وضع أي لوحات بحيث أنها لا تغطي الإشارة المرورية .. إختيار المكان فن ومطلب.. https://t.co/HF7F42liWA"
"2022-04-08T10:49:23.000Z","1512382088129167360","@6_dhy perfect airdrop @Arrowfall1 @weishenmewoain1 @mr_orange_nft @daiwozh31571301 @digitalart37 @buniancengjing1 @AhmedCzarski @MatthewQuintina @AlCaptino @fengyinxuenuoy1 @dazhamei1 @Dhahran_966 @tomimurahisako @yuanlaizijibuz1 @chengji97133465"
"2022-04-08T10:23:24.000Z","1512375550123278336","Just posted a photo @ Al - Doha - Al Dhahran - KSA https://t.co/csuPdWy4cU"
"2022-04-08T09:53:27.000Z","1512368015421095938","RT @IAU_KSA: افتتح نائب رئيس #جامعة_الإمام_عبدالرحمن_بن_فيصل للشؤون الأكاديمية د.غازي العتيبي فعالية\n▫️يوم الصحة العالمي ٢٠٢٢م▫️\nبحضور مساع…"
"2022-04-08T09:20:14.000Z","1512359653547692034","@ElonPunkNft @pungogh 🏆 WL Winners\n\n@FeverkeaneZ @Dhahran_966 @JimboSl16823233 @mood_head @roxymi0817 @Sashin_Arcane\n\nFind and Join Discord @WhiteKi78402962"
"2022-04-08T07:36:35.000Z","1512333570261594119","RT @MAssagedammam05: Im chilli not a woman works massage. Please WhatsApp 0538467554 #massage_in_dammam #massage_in_khobar ok #massage_in_j…"
"2022-04-08T07:32:22.000Z","1512332509572386818","RT @MAssagedammam05: I’m chilli ladyboy massage in khobar but from eastern such as; alhassa hafuf dammam jubail rakah dhahran Doha rastanur…"
"2022-04-08T06:55:14.000Z","1512323162259742721","Contracts Counsel - Saudi Arabia in\n \n Dhahran,\n\n Saudi Arabia\nhttps://t.co/FdWvRfZvkx"
"2022-04-08T06:04:03.000Z","1512310281799708673","As today is the #World_Health_Day, this year we remind ourselves that our most precious assets is our health and our environment, our planet Earth\nSo, let us eat healthy food and keep the environment safe for more sustainable and healthier life\n#Saudiarabia #dhahran https://t.co/OwAGfJ6cjw"
"2022-04-08T02:07:19.000Z","1512250706610245647","RT @IAU_KSA: افتتح نائب رئيس #جامعة_الإمام_عبدالرحمن_بن_فيصل للشؤون الأكاديمية د.غازي العتيبي فعالية\n▫️يوم الصحة العالمي ٢٠٢٢م▫️\nبحضور مساع…"
"2022-04-08T02:02:46.000Z","1512249562815213568","@Dhahran_aljanob ادعموا الله بجزاكم خير\nيااهل الخير\n\n#احسان\n#احسبها_صح"
"2022-04-08T01:21:29.000Z","1512239170986594310","Recruitment Coordinator, (3 – 5 yrs.), Dhahran – Saudi Arabia https://t.co/p5YxRzohCN"
"2022-04-08T01:07:00.000Z","1512235527164112912","RT @IAU_KSA: افتتح نائب رئيس #جامعة_الإمام_عبدالرحمن_بن_فيصل للشؤون الأكاديمية د.غازي العتيبي فعالية\n▫️يوم الصحة العالمي ٢٠٢٢م▫️\nبحضور مساع…"
"2022-04-08T00:44:04.000Z","1512229756489682948","RT @IAU_KSA: افتتح نائب رئيس #جامعة_الإمام_عبدالرحمن_بن_فيصل للشؤون الأكاديمية د.غازي العتيبي فعالية\n▫️يوم الصحة العالمي ٢٠٢٢م▫️\nبحضور مساع…"
"2022-04-08T00:34:08.000Z","1512227255765897217","@502Mastar @IAU_KSA @moh_eastern @mall_of_dhahran @IAU_Media_KSA @talyousef_sa @IAU_CPH @IAUdent @IAU_CAMSJ @IAU_AR بنوورك حبيبي بوفرحان 🤍🤍"
"2022-04-08T00:33:14.000Z","1512227030838001670","RT @IAU_KSA: افتتح نائب رئيس #جامعة_الإمام_عبدالرحمن_بن_فيصل للشؤون الأكاديمية د.غازي العتيبي فعالية\n▫️يوم الصحة العالمي ٢٠٢٢م▫️\nبحضور مساع…"
"2022-04-08T00:28:15.000Z","1512225776124448774","@IAU_KSA @moh_eastern @mall_of_dhahran @IAU_Media_KSA @talyousef_sa @IAU_CPH @IAUdent @IAU_CAMSJ @IAU_AR @HadiHussain21  وربي منوور هادي 😍😍"
"2022-04-08T00:15:30.000Z","1512222568085872647","@dhahran_mun الله يقويكم ويعطيكم العافيه بس  لو تنوه على تطبيق المخالفات على الجميع يكون افضل بدون تخصيص مثلا رجل الامن لابس كمامه وزمليه من الصحه لابس كمامه والشخص الثالث لابس كمامه اما ممثل البلديه مالبس هل هناك سبب لذلك او ان القانون مايطبق عليهم"
"2022-04-08T00:13:53.000Z","1512222161536266261","RT @IAU_KSA: افتتح نائب رئيس #جامعة_الإمام_عبدالرحمن_بن_فيصل للشؤون الأكاديمية د.غازي العتيبي فعالية\n▫️يوم الصحة العالمي ٢٠٢٢م▫️\nبحضور مساع…"
"2022-04-08T00:13:29.000Z","1512222061174968321","RT @IAU_KSA: افتتح نائب رئيس #جامعة_الإمام_عبدالرحمن_بن_فيصل للشؤون الأكاديمية د.غازي العتيبي فعالية\n▫️يوم الصحة العالمي ٢٠٢٢م▫️\nبحضور مساع…"
"2022-04-07T23:52:27.000Z","1512216767736819722","RT @IAU_KSA: افتتح نائب رئيس #جامعة_الإمام_عبدالرحمن_بن_فيصل للشؤون الأكاديمية د.غازي العتيبي فعالية\n▫️يوم الصحة العالمي ٢٠٢٢م▫️\nبحضور مساع…"
"2022-04-07T23:36:14.000Z","1512212686083436555","@IAU_KSA @moh_eastern @mall_of_dhahran @IAU_Media_KSA @talyousef_sa @IAU_CPH @IAUdent @IAU_CAMSJ @IAU_AR https://t.co/XEzNPIf8aF"
"2022-04-07T23:34:01.000Z","1512212127892791296","مافي وقت مافي وقت🤣❤️🏃🏻‍♂️ (@ Streat Hub in Dhahran, Ash Sharqiyah) https://t.co/xpZzT7BJSW"
"2022-04-07T23:33:43.000Z","1512212053846630400","RT @IAU_KSA: افتتح نائب رئيس #جامعة_الإمام_عبدالرحمن_بن_فيصل للشؤون الأكاديمية د.غازي العتيبي فعالية\n▫️يوم الصحة العالمي ٢٠٢٢م▫️\nبحضور مساع…"
"2022-04-07T23:32:55.000Z","1512211852436164615","افتتح نائب رئيس #جامعة_الإمام_عبدالرحمن_بن_فيصل للشؤون الأكاديمية د.غازي العتيبي فعالية\n▫️يوم الصحة العالمي ٢٠٢٢م▫️\nبحضور مساعد مدير @moh_eastern للجودة ومراقبة المخرجات د.عبدالكريم العبدالكريم، مساء اليوم الخميس ٧ أبريل  ٢٠٢٢م، والمستمرة إلى يوم غداً الجمعة بـ @mall_of_dhahran https://t.co/DYEGRxHnDS"
"2022-04-07T23:05:53.000Z","1512205048264146951","Just posted a photo @ Al - Doha - Al Dhahran - KSA https://t.co/BRUlndw5MY"
"2022-04-07T23:05:39.000Z","1512204989539704842","#البنوك_السعودية_البنك_المركزي @ Al - Doha - Al Dhahran - KSA https://t.co/mbjCfWO1XN"
"2022-04-07T22:57:03.000Z","1512202823714451460","I'm at 8Oz Speciality Coffee - @8ozcafe in Dhahran, Ash Sharqiyah https://t.co/IPODPgiQz0 https://t.co/gTmV0hJ6hj"
"2022-04-07T22:56:48.000Z","1512202760258736128","I'm at 8Oz Speciality Coffee - @8ozcafe in Dhahran, Ash Sharqiyah https://t.co/k91SXivhW5"
"2022-04-07T22:52:06.000Z","1512201580350738445","Just posted a photo @ Al - Doha - Al Dhahran - KSA https://t.co/va8ghWrfIt"
"2022-04-07T22:42:32.000Z","1512199171515723781","By utilizing the skills of our deft workforce, we are offering a quality finest range of PTFE Filter Cartridges. This PTFE Filter Cartridge is manufactured by utilizing top-grade material and advanced ...more… https://t.co/Tyc2DMTml9 #PTFEFilterCartridge #SaudiArabia"
"2022-04-07T21:31:29.000Z","1512181290715467783","@dhahran_mun دخول الشاحنات لشاطئ نصف القمر خطأ والمفترض منع دخولهم بشكل نهائي والمفترض ان وزارة النقل بالمنطقة الشرقية ومرور الظهران يضربون بيد من حديد على الشاحنات الي ماخذة من شاطئ نصف القمر طريق لهم علشان يهربون من محطة الميزان في طريق ابقيق"
"2022-04-07T21:04:59.000Z","1512174622430711817","I'm at @StarbucksEmea in Dhahran, Ash Sharqiyah https://t.co/PS1F1jYnGX"
"2022-04-07T20:26:39.000Z","1512164977494347785","I'm at Saudi Aramco - Main Camp - @jobsataramcoeu in Dhahran, Eastern https://t.co/xDxN1slBMJ"
"2022-04-07T19:05:33.000Z","1512144567444905988","I'm at Starbucks in Dhahran, Ash Sharqiyah https://t.co/0DlrtF5gCD"
"2022-04-07T18:09:25.000Z","1512130441632956427","I'm at @Mall_of_Dhahran in Dhahran, Eastern Province https://t.co/xw39A2YwuZ"
"2022-04-07T17:51:31.000Z","1512125934765285384","Massage and sex therapy in Riyadh at cheap rate😍❤️❣️\nMessage me immediately🥰\nhttps://t.co/B4ecxA6hXL\n#massage_in_dhahran\n#massage_vip_dhahran\n#dhahran_massage\n##dhahran_bodytobody https://t.co/1LpxGqQJEz"
"2022-04-07T17:22:51.000Z","1512118719413374976","@ElonPunkNft @pungogh 🏆 WL Winners\n\n@Dhahran_966 @JimboSl16823233 @mood_head @roxymi0817 @Sashin_Arcane @righteousmints @11pickmecityx\n\nFind and Join Discord @NietoShawn1"
"2022-04-07T16:02:36.000Z","1512098525605158919","@dhahran_mun مفتوح الآن"
"2022-04-07T14:33:41.000Z","1512076148770889737","@dhahran_mun القسم المختص بالزراعه لديكم نايم بالعسل نوم كثير من الاشجار في الطريق من حي الجامعه الي الدوحه مواسير الماء متقطعه ولا يوجد مصدر   للماء والمضحك زرعتوها من شهر ونص وتم سقايتها مره بصهريج نقل ثم نسيتوها مهو حرام هاذا تبديد مال وجهد وينكم من رؤية ٢٠٣٠ والله افكر  اروح لامير  منطقه"
"2022-04-07T14:23:01.000Z","1512073463837589517","@dhahran_mun نحتاج زياره لمطعم شورما طيف اكلت منه  وهاتك ياالم وعسر هضم  ويضيفون الفلفل الاسود للدجاج حتى يغطي على اي رائحه اعتقد مرحلة تتبيل الدجاج تتم في مكان غير ملائم"
"2022-04-07T13:52:06.000Z","1512065682531266568","RT @illamaa__: شاركنا انا وفريقي بفكره رهيبة بهاكثون #بلهجتك المقدمه من جامعه الملك فهد للبترول والمعادن @KFUPM @WiDS_Dhahran ولله الحمد تأ…"
"2022-04-07T13:07:03.000Z","1512054346577555460","الشرقية أهل الجود والعطاء.. نسمو بخدمتكم بكل سخاء\n.\n\n#الشرقية #الخبر #الدوحة #الراكة #الظهران #العزيزية #اجتماعات #مناسبات #احتفالات #زواج #حفلاتتخرج #القصيبي #بوفيهمنزلي #بوفيهات #حفلات #حفلات_خارجية #بوفيه \n #khobar #Doha #Rakkah #Dhahran #Azizia  #Meetings #Celebrations https://t.co/DMa2dSqmf8"
"2022-04-07T13:01:08.000Z","1512052857654190087","من أجدادنا تعلمنا أصول الضيافة ونقلناها لكم في أطباقنا الشهية\n.\n\n#الشرقية #الخبر #الدوحة #الراكة #الظهران #العزيزية #اجتماعات #مناسبات #احتفالات #زواج #حفلاتتخرج #القصيبي #بوفيهمنزلي #بوفيهات #حفلات #حفلات_خارجية #بوفيه \n #khobar #Doha #Rakkah #Dhahran #Azizia  #Meetings https://t.co/09AIU8HxaH"
"2022-04-07T12:49:48.000Z","1512050007192576004","@Arvind66822084 @chaojingxiaoxi1 @fengyinxuenuoy1 @dazhamei1 @LucaToniAlessio @Croc420i @Dhahran_966 @Rakka_966 @tomimurahisako @yuanlaizijibuz1 @chengji97133465 @hongzhuxia2 @WileyWi26086221 @aishangnicheng1 @Elie_Shewie @DatNhiBa3797"
"2022-04-07T12:43:23.000Z","1512048389365637120","@mall_of_dhahran ايه المفتوح من ٤:٣٠ ل ١٠:٣٠"
"2022-04-07T12:18:53.000Z","1512042225341022214","شاركنا انا وفريقي بفكره رهيبة بهاكثون #بلهجتك المقدمه من جامعه الملك فهد للبترول والمعادن @KFUPM @WiDS_Dhahran ولله الحمد تأهلنا للنهائيات وكانت خطوة رائعة بالنسبه لنا والقادم اقوى واجمل 🥳❤️❤️❤️\n@q1ii9 @Ghaidesbonita @RHALI_ @Abdullah_Wex https://t.co/0Ucdgkz2m4"
"2022-04-07T10:40:02.000Z","1512017349267771392","Dhahran, Saudi Arabia.\n\n©️jichulove https://t.co/W54HXNPqfd"
"2022-04-07T10:38:43.000Z","1512017018144247809","South Korea - Seoul\nJapan - Tokyo, Omotesando\nThailand - Bangkok\nChina - Hong Kong, Taiwan\nMalaysia - Kuala Lumpur\nSingapore - Singapore City\nUSA - California, Chicago\nCanada - Vancouver\nFrance - Paris\nItaly - Milan\nUAE - Dubai\nSaudi Arabia - Dhahran\nSwitzerland - Geneva\n+ more"
"2022-04-07T10:19:24.000Z","1512012156455301121","@dhahran_mun مجهوداتكم ملحوظة ونطمح الى المزيد … الى الأمام مع التحية.@EasternEamana"
"2022-04-07T08:58:34.000Z","1511991812856197120","منشن اللي حاب تفطر معاه عندنا الويكند 😎 ؟ \n\n#سفرة #مطاعم #الخبر #الدمام #الظهران #القطيف #سيهات #khobar #dammam #restaurant #dhahran #qatif #saihat https://t.co/SNo94q2Im8"
"2022-04-07T06:38:45.000Z","1511956626709913602","Just posted a photo @ Saudi Aramco Residential Camp in Dhahran https://t.co/E1CIkPEugv"
"2022-04-07T02:34:07.000Z","1511895064208977927","وهلابيهم (@ Saudi Aramco in Dhahran, Eastern Province) https://t.co/TECXDarz7Z"
"2022-04-06T21:34:33.000Z","1511819677164617729","Just posted a photo @ Al - Doha - Al Dhahran - KSA https://t.co/8mceXbugPt"
"2022-04-06T19:07:34.000Z","1511782685957574658","@jes_MAYC thanks team @LiamFis112233 @Dhahran_966 @tomimurahisako @yuanlaizijibuz1 @chengji97133465 @jimmymuunga @hongzhuxia2 @Shilldogbillion @WileyWi26086221 @abdi2398 @versedoge @gozalieveryday @0xLanipaRio @azukiverse @oc4lvo @pzajla2"
"2022-04-06T19:00:56.000Z","1511781016985350152","I'm at MAYFAIR in Dhahran, Ash Sharqiyah https://t.co/XHfe6PoHNJ https://t.co/PVz6S8GHzT"
"2022-04-06T18:16:40.000Z","1511769875047407626","I'm at King Fahd University of Petroleum &amp; Minerals - @kfupm in Dhahran, Eastern province https://t.co/FuqumxGqWo"
"2022-04-06T17:39:22.000Z","1511760489839304709","Just posted a photo @ Dhahran, Jizan, Saudi Arabia https://t.co/sfPo8Lgiai"
"2022-04-06T17:16:41.000Z","1511754782855557126","RT @JackyMassage13: No copy right intended credit to the owner of the video. That's for fun.\nHello everyone massage available \nMassage dama…"
"2022-04-06T16:28:13.000Z","1511742584103784450","@dhahran_mun @EasternEamana @eMoroor ؟؟؟؟ عادي عندكم المنظر بدون نطب صناعي؟ وسرعه الشاحنات؟ @nazaha_gov_sa https://t.co/d9TBaBdC1C"
"2022-04-06T16:05:55.000Z","1511736973223936005","Linux Open Shift - Job Location: Dhahran, Saudi Arabia LocationJob Title: Linux Open ShiftContract Duration: 12 Months Extendable Contract. Payroll Company: Raqmiyat.  JD:- Experience in PaaS Platform preferably R #IT_Services https://t.co/u2UlsRI1X6"
"2022-04-06T15:32:04.000Z","1511728453569191950","@dhahran_mun طيب انا مواطن وبلغكتم وانا ماشتغل في البلديه فيها شي لو قلتو مواطن بلغنا بالخطأ يابلدية الخبر"
"2022-04-06T14:52:11.000Z","1511718414762622988","@ElonPunkNft @pungogh 🏆 WL Winners\n\n@FeverkeaneZ @Dhahran_966 @JimboSl16823233 @mood_head @roxymi0817 @Sashin_Arcane @righteousmints @11pickmecityx\n\nFind and Join Discord @BakerAn99254646"
"2022-04-06T11:04:47.000Z","1511661188815405064","@JtjT9Puh4YpXx38 و عليكم السلام اخ سعد، حالياً لا يوجد لدينا فروع بالجبيل و لكن حياك الله باقرب فرع في الدمام و الظهران و الاحساء و موزعنا المعتمد بالقطيف -البشراوي 🙏🏻\n\nموقعنا في الظهران، القشلة، الظهران 34232\nhttps://t.co/dXtzFCq5vM\n\n3863طرابلس، الفيحاء، الدمام 32441 7552\nhttps://t.co/dZDyzE8B5I"
"2022-04-06T10:47:01.000Z","1511656718320783366","RT @Wadeiftk_Alolaa: 16- دعم فني - مكة المكرمة\nhttps://t.co/pkmlThpHRB\n\n17-موظف دعم فني - الظهران \nhttps://t.co/v7C4F9q6uh\n\n18-استقبال - ال…"
"2022-04-06T09:18:39.000Z","1511634478015426561","@dhahran_mun نشكر لكم عملكم اللي نشوفه بالتويتر ونرجو منكم ايجاد حل لنا بالجرذان والفئران اللي تاخذ راحتها بالعزيزية حي الشراع https://t.co/sSRfucGnbw"
"2022-04-06T08:58:44.000Z","1511629467277565955","RT @Wadeiftk_Alolaa: 16- دعم فني - مكة المكرمة\nhttps://t.co/pkmlThpHRB\n\n17-موظف دعم فني - الظهران \nhttps://t.co/v7C4F9q6uh\n\n18-استقبال - ال…"
"2022-04-06T08:51:20.000Z","1511627604129980418","@mall_of_dhahran في كراسى متحركه كهربائيه من فضلك"
"2022-04-06T04:27:40.000Z","1511561250647711751","We offer our service in various regions of Kingdom of Saudi Arabia especially irrigation projects in Dammam, irrigation projects in Jeddah, irrigation projects in Riyadh, irrigation projects in Al-Khobar, irrigation projects in Dhahran, irrigation projects in Al-Ahsa etc.. https://t.co/IJY0VanguQ"
"2022-04-06T04:24:35.000Z","1511560476009902086","@muvicinemas 9 مدن\nDammam-الدمام\nDhahran-الظهران\nHofuf-الهفوف\nJeddah-جدة\nJubail-الجبيل\nKhamis M-خميس مشيط\nQassim-القصيم\nRiyadh-الرياض\nTaif-الطائف\n#فوازير_موڤي"
"2022-04-06T03:27:41.000Z","1511546157662674945","@muvicinemas 9 مدن\nDammam-الدمام\nDhahran-الظهران\nHofuf-الهفوف\nJeddah-جدة\nJubail-الجبيل\nKhamis M-خميس مشيط\nQassim-القصيم\nRiyadh-الرياض\nTaif-الطائف\n\n#فوازير_موڤي"
"2022-04-06T03:26:54.000Z","1511545957741211651","@muvicinemas 9 مدن\nDammam-الدمام\nDhahran-الظهران\nHofuf-الهفوف\nJeddah-جدة\nJubail-الجبيل\nKhamis M-خميس مشيط\nQassim-القصيم\nRiyadh-الرياض\nTaif-الطائف\n#فوازير_موڤي"
"2022-04-06T02:42:07.000Z","1511534691169492996","@mall_of_dhahran تفتحو صباح ؟"
"2022-04-06T01:20:39.000Z","1511514189432782849","$LCID saudi arabia - cool comes in four interior colorways, each intended to evoke a sense of place:  makkah, madinah, riyadh, and dhahran, featured here. ↘ https://t.co/bUtc4CR4xs"
"2022-04-06T00:59:41.000Z","1511508910485692425","16- دعم فني - مكة المكرمة\nhttps://t.co/pkmlThpHRB\n\n17-موظف دعم فني - الظهران \nhttps://t.co/v7C4F9q6uh\n\n18-استقبال - الظهران\nhttps://t.co/wOD9t5s3j4\n19-منسق موارد بشرية ورواتب - الرياض\n""https://t.co/y0HnEelKTy""\n20-منسق سلاسل الإمداد - #الدمام\n""https://t.co/ggoSkeENCK"""
"2022-04-06T00:48:04.000Z","1511505989253668879","RT @simple_flying: KLM began Dubai on April 5th, 1972. It had a 1x weekly DC-8 flight routing Amsterdam-Athens-Dhahran (Dammam)-Dubai. Now…"
"2022-04-05T23:11:55.000Z","1511481792129343490","Just posted a photo @ Al - Doha - Al Dhahran - KSA https://t.co/Zk4Zmy2vBh"
"2022-04-05T22:20:00.000Z","1511468723433091075","@muvicinemas Riyadh,Jeddah,Taif, Qassim,Dammam,Dhahran,Hofuf,Jubail,Khamais"
"2022-04-05T21:59:57.000Z","1511463680273174539","@mall_of_dhahran يعني الساعة ١٢ ونص في الليل كل المحلات مفتوحة ؟"
"2022-04-05T21:20:27.000Z","1511453738543816716","@dhahran_mun @WestDammam_Mun\n@EastDammam_mun \n\nما هي الأوقات التي يسمح بها لعمال البناء العمل فيها في رمضان؟ وفي غير رمضان؟\n\nومن يستقبل شكاوي مخالفة هذه الأوقات؟"
"2022-04-05T21:11:31.000Z","1511451490367508500","RT @simple_flying: KLM began Dubai on April 5th, 1972. It had a 1x weekly DC-8 flight routing Amsterdam-Athens-Dhahran (Dammam)-Dubai. Now…"
"2022-04-05T21:09:22.000Z","1511450948836675592","@jabaldhahran @moe_gov_sa @MOE_EPR @MOE_EPR_04 @Dhahran_Coop بالتوفيق للابدأع المتألق ."
"2022-04-05T21:04:27.000Z","1511449713534451720","RT @jabaldhahran: احتفت #مدارس_جبل_الظهران الأهلية\nمع أبنائها وبناتها وجميع منسوبيها\n بمناسبة قدوم  #شهر_رمضان المبارك🌙⭐️\nأعاده الله علينا…"
"2022-04-05T20:00:47.000Z","1511433691372867590","I'm at King Fahd University of Petroleum &amp; Minerals - @kfupm in Dhahran, Eastern province https://t.co/OWbySWWvB7"
"2022-04-05T19:30:38.000Z","1511426101867859975","@mall_of_dhahran ديون لندن اي بوابه ؟"
"2022-04-05T18:54:33.000Z","1511417022650929161","I'm at Starbucks in Dhahran, Ash Sharqiyah https://t.co/n4Zt80ifFR"
"2022-04-05T18:53:41.000Z","1511416805541257224","RT @jabaldhahran: احتفت #مدارس_جبل_الظهران الأهلية\nمع أبنائها وبناتها وجميع منسوبيها\n بمناسبة قدوم  #شهر_رمضان المبارك🌙⭐️\nأعاده الله علينا…"
"2022-04-05T18:37:30.000Z","1511412730053468161","I'm at Dose in Dhahran, Ash Sharqiyah https://t.co/GgFeLq8RyK"
"2022-04-05T18:36:16.000Z","1511412421138735104","KLM began Dubai on April 5th, 1972. It had a 1x weekly DC-8 flight routing Amsterdam-Athens-Dhahran (Dammam)-Dubai. Now it is mainly by the B777. https://t.co/LcnC3adlPC"
"2022-04-05T16:58:17.000Z","1511387762058199042","@jay0p0 @simukcricket Saudi Aramco, officially the Saudi Arabian Oil Company, is a Saudi Arabian public petroleum and natural gas company based in Dhahran."
"2022-04-05T16:40:21.000Z","1511383248735289345","@dhahran_mun السؤال الي فبالي الحين لو أبي أستلم ملابسي شلون والمحل مقفل 🧐"
"2022-04-05T16:05:52.000Z","1511374573274636301","@mall_of_dhahran محل ريفا للاطفال اي بوابه لو سمحت؟؟؟"
"2022-04-05T15:51:22.000Z","1511370923026358276","@dhahran_mun @EasternEamana @eMoroor ضروره وجود مطب صناعي قبل اليوترن في حي القصور شارع الامير احمد .. لسرعه الشاحنات ومرورها بشكل يومي وبكثرة .. تم رفع عدة بلاغات ولا حياه لمن تنادي و سيتم ارفاق عدة وسائط تحت التغريدة @nazaha_gov_sa https://t.co/WWx3Wk32vy"
"2022-04-05T15:44:35.000Z","1511369214036086791","Marhaba @kthedirector. Just read your bio on @austinfilmfest's LA panel. Resonating with our commonalities. I grew up in Dhahran with my expat teacher parents. Have written best selling relationship books. Eager to learn more about you!"
"2022-04-05T14:28:40.000Z","1511350109925253123","@dhahran_mun يابلدية الظهران شاكرين ومقدرين لكم على جهودكم .. لكن بعد محطة تلال الدوحة الشارع مكسر وسئ .. اتمنى تلتفتون له"
"2022-04-05T10:50:04.000Z","1511295096091824132","I'm at King Fahd University of Petroleum &amp; Minerals in Dhahran, Eastern province w/ @abdulelahkr https://t.co/kMLV80I5DL"
"2022-04-05T10:38:12.000Z","1511292110712020996","@EasternEamana \nمشروع على طريق القشله فيه حفريات ومعدات يتطاير منه الغبار والاتربه يجب رش  الغبار بالمياه حتى نحافظ  على سلامة سكان المنطقة من إلا نربه تلوث بصري  وتلوث الأجواء في المنطقة\n@dhahran_mun https://t.co/qdVeuw84TC"
"2022-04-05T10:29:37.000Z","1511289951018786816","@dhahran_mun طيب ردو عليي خاص"
"2022-04-05T09:23:06.000Z","1511273212776169478","I'm at KFUPM Building 24 - KFUPM Business School - @kfupmbs in Dhahran, Eastern Province https://t.co/fHEwVXuInl"
"2022-04-05T05:49:07.000Z","1511219359502553089","Just posted a photo @ Al - Doha - Al Dhahran - KSA https://t.co/0gFJDolHiG"
"2022-04-05T03:43:28.000Z","1511187742402789384","Just posted a photo @ Al - Doha - Al Dhahran - KSA https://t.co/vvt6DQxyqs"
"2022-04-05T03:08:49.000Z","1511179021811433475","Just posted a photo @ Al - Doha - Al Dhahran - KSA https://t.co/81G3pSzePf"
"2022-04-05T01:58:59.000Z","1511161448004734979","ممكن تعطينا موقع الجامع لأني لقيت ثنين في قوقل — جامع الوابل بالدمام على طريق الظهران الجبيل تقريبًا \n\nhttps://t.co/t5kOf6Apnm https://t.co/QgLYKgqkLO"
"2022-04-04T23:26:34.000Z","1511123088930390029","@6_dhy thanks azuki team @AlCaptino @RTM_Crypto @fengyinxuenuoy1 @cspsmile6688 @dazhamei1 @LiamFis112233 @Dhahran_966 @tomimurahisako @yuanlaizijibuz1 @chengji97133465 @jimmymuunga @hongzhuxia2 @Shilldogbillion @WileyWi26086221 @abdi2398"
